Tran,San,Gia_tri_PPG,Truc_0
,,,
,,,
,,,
,,,
,,,
,,,
,,,
,,,
,,,
,,,
,,,
,,,
,,,
,,,
,,,
,,,
,,,
,,,
,,,
,,,
,,,
,,,
,,,
,,,
,,,
,,,
,,,
,,,
,,,
,,,
,,,
,,,
,,,
,,,
,,,
,,,
,,,
,,,
,,,
,,,
,,,
,,,
,,,
,,,
,,,
,,,
,,,
,,,
,,,
,,,
,,,
,,,
,,,
,,,
,,,
,,,
,,,
,,,
,,,
,,,
,,,
,,,
,,,
,,,
,,,
,,,
,,,
,,,
,,,
,,,
,,,
,,,
,,,
,,,
,,,
,,,
,,,
,,,
,,,
,,,
,,,
,,,
,,,
,,,
,,,
,,,
,,,
,,,
,,,
,,,
,,,
,,,
,,,
,,,
,,,
,,,
,,,
,,,
,,,
300,-300,-2512.58,0
300,-300,-2561.59,0
300,-300,-2466.82,0
300,-300,-2374.38,0
300,-300,-2287.12,0
300,-300,-2203.78,0
300,-300,-2123.38,0
300,-300,-2041.56,0
300,-300,-1955.43,0
300,-300,-1860.17,0
300,-300,-1755.21,0
300,-300,-1638.49,0
300,-300,-1512.65,0
300,-300,-1381.38,0
300,-300,-1251.69,0
300,-300,-1130.12,0
300,-300,-1025.07,0
300,-300,-942.63,0
300,-300,-888.62,0
300,-300,-864.62,0
300,-300,-871.98,0
300,-300,-904.42,0
300,-300,-959.16,0
300,-300,-1025.43,0
300,-300,-1093.87,0
300,-300,-1155.23,0
300,-300,-1202.29,0
300,-300,-1227.87,0
300,-300,-1229.86,0
300,-300,-1205.98,0
300,-300,-1161.51,0
300,-300,-1097.92,0
300,-300,-1021.4,0
300,-300,-936.91,0
300,-300,-852.44,0
300,-300,-771.9,0
300,-300,-701.83,0
300,-300,-644.74,0
300,-300,-605.22,0
300,-300,-584.64,0
300,-300,-585.61,0
300,-300,-609.41,0
300,-300,-660.03,0
300,-300,-736.1,0
300,-300,-839.63,0
300,-300,-969.64,0
300,-300,-1126.14,0
300,-300,-1305.4,0
300,-300,-1504.7,0
300,-300,-1718.74,0
300,-300,-1942.1,0
300,-300,-2167.05,0
300,-300,-2386.98,0
300,-300,-2594.09,0
300,-300,-2784.24,0
300,-300,-2950.04,0
300,-300,-3088.76,0
300,-300,-3195.64,0
300,-300,-3270.12,0
300,-300,-3309.4,0
300,-300,-3315.01,0
300,-300,-3285.59,0
300,-300,-3224.19,0
300,-300,-3131.26,0
300,-300,-3010.83,0
300,-300,-2865.2,0
300,-300,-2700.33,0
300,-300,-2520.76,0
300,-300,-2334.43,0
300,-300,-2146.25,0
300,-300,-1963.27,0
300,-300,-1790.79,0
300,-300,-1633.11,0
300,-300,-1492.21,0
300,-300,-1369.48,0
300,-300,-1263.33,0
300,-300,-1171.24,0
300,-300,-1089.34,0
300,-300,-1014.54,0
300,-300,-943.3,0
300,-300,-874.19,0
300,-300,-803.79,0
300,-300,-735.97,0
300,-300,-670.78,0
300,-300,-611.77,0
300,-300,-560.67,0
300,-300,-521.1,0
300,-300,-493.19,0
300,-300,-478.94,0
300,-300,-476.31,0
300,-300,-482.56,0
300,-300,-492.33,0
300,-300,-503.53,0
300,-300,-509.28,0
300,-300,-507.01,0
300,-300,-492.13,0
300,-300,-464.71,0
300,-300,-423.48,0
300,-300,-372.07,0
300,-300,-312.09,0
300,-300,-250.05,0
300,-300,-187.46,0
300,-300,-131.89,0
300,-300,-86.06,0
300,-300,-55.82,0
300,-300,-42.74,0
300,-300,-52.07,0
300,-300,-84.41,0
300,-300,-143.99,0
300,-300,-231.07,0
300,-300,-348.93,0
300,-300,-494.1,0
300,-300,-668.6,0
300,-300,-867.64,0
300,-300,-1088.64,0
300,-300,-1323.55,0
300,-300,-1566.89,0
300,-300,-1808.38,0
300,-300,-2042.14,0
300,-300,-2258.37,0
300,-300,-2454.8,0
300,-300,-2622.15,0
300,-300,-2762.48,0
300,-300,-2873.47,0
300,-300,-2959.21,0
300,-300,-3020.18,0
300,-300,-3061.99,0
300,-300,-3085.81,0
300,-300,-3096.63,0
300,-300,-3093.97,0
300,-300,-3079.51,0
300,-300,-3051.57,0
300,-300,-3009.51,0
300,-300,-2949.87,0
300,-300,-2873.66,0
300,-300,-2778.83,0
300,-300,-2668.66,0
300,-300,-2543.27,0
300,-300,-2403.7,0
300,-300,-2257.31,0
300,-300,-2109.94,0
300,-300,-1965.35,0
300,-300,-1831.4,0
300,-300,-1710.52,0
300,-300,-1608.52,0
300,-300,-1525.33,0
300,-300,-1463.87,0
300,-300,-1421.17,0
300,-300,-1398.53,0
300,-300,-1389.19,0
300,-300,-1390.86,0
300,-300,-1397.1,0
300,-300,-1403.57,0
300,-300,-1403.26,0
300,-300,-1392.64,0
300,-300,-1365.63,0
300,-300,-1320.28,0
300,-300,-1253.04,0
300,-300,-1165.65,0
300,-300,-1056.89,0
300,-300,-932.94,0
300,-300,-797.28,0
300,-300,-657.48,0
300,-300,-518.29,0
300,-300,-388.41,0
300,-300,-272.28,0
300,-300,-176.07,0
300,-300,-102.31,0
300,-300,-54.83,0
300,-300,-31.28,0
300,-300,-31.52,0
300,-300,-52.61,0
300,-300,-92.83,0
300,-300,-148.03,0
300,-300,-217.71,0
300,-300,-298.82,0
300,-300,-392.56,0
300,-300,-496.93,0
300,-300,-614.84,0
300,-300,-744.79,0
300,-300,-887.03,0
300,-300,-1040.19,0
300,-300,-1203.73,0
300,-300,-1372.44,0
300,-300,-1544.3,0
300,-300,-1712.54,0
300,-300,-1875.44,0
300,-300,-2026.99,0
300,-300,-2166.37,0
300,-300,-2290.79,0
300,-300,-2400.64,0
300,-300,-2493.7,0
300,-300,-2572.96,0
300,-300,-2636.04,0
300,-300,-2685.15,0
300,-300,-2717.32,0
300,-300,-2733.78,0
300,-300,-2731.12,0
300,-300,-2709.02,0
300,-300,-2666.42,0
300,-300,-2604.47,0
300,-300,-2522.67,0
300,-300,-2425.89,0
300,-300,-2316.17,0
300,-300,-2200.28,0
300,-300,-2081.9,0
300,-300,-1968.23,0
300,-300,-1857.41,0
300,-300,-1760.64,0
300,-300,-1676.52,0
300,-300,-1609.13,0
300,-300,-1555.74,0
300,-300,-1518.06,0
300,-300,-1491.93,0
300,-300,-1476.79,0
300,-300,-1467.46,0
300,-300,-1462.53,0
300,-300,-1457.45,0
300,-300,-1449.67,0
300,-300,-1434.39,0
300,-300,-1409.87,0
300,-300,-1371.4,0
300,-300,-1318.33,0
300,-300,-1246.79,0
300,-300,-1157.99,0
300,-300,-1050.47,0
300,-300,-928.04,0
300,-300,-792.62,0
300,-300,-649.41,0
300,-300,-507.2,0
300,-300,-369.56,0
300,-300,-240.58,0
300,-300,-128.07,0
300,-300,-34.32,0
300,-300,35.7,0
300,-300,83.14,0
300,-300,105.93,0
300,-300,105.99,0
300,-300,84.28,0
300,-300,45.16,0
300,-300,-13.65,0
300,-300,-89.3,0
300,-300,-183.92,0
300,-300,-296.06,0
300,-300,-428.42,0
300,-300,-579.06,0
300,-300,-749.68,0
300,-300,-936.72,0
300,-300,-1138.59,0
300,-300,-1348.98,0
300,-300,-1564.43,0
300,-300,-1776.91,0
300,-300,-1982.5,0
300,-300,-2174.15,0
300,-300,-2350.14,0
300,-300,-2505.78,0
300,-300,-2641.73,0
300,-300,-2757.2,0
300,-300,-2854.58,0
300,-300,-2931.98,0
300,-300,-2992.95,0
300,-300,-3036.21,0
300,-300,-3062.08,0
300,-300,-3068.23,0
300,-300,-3055.17,0
300,-300,-3020.44,0
300,-300,-2966.02,0
300,-300,-2891.48,0
300,-300,-2802.07,0
300,-300,-2698.87,0
300,-300,-2588.84,0
300,-300,-2476.07,0
300,-300,-2367.31,0
300,-300,-2265.4,0
300,-300,-2175.55,0
300,-300,-2097.31,0
300,-300,-2030.5,0
300,-300,-1974.68,0
300,-300,-1927.99,0
300,-300,-1886.11,0
300,-300,-1846.99,0
300,-300,-1806.83,0
300,-300,-1765.81,0
300,-300,-1720.83,0
300,-300,-1673.19,0
300,-300,-1621.28,0
300,-300,-1566.53,0
300,-300,-1507.79,0
300,-300,-1445.78,0
300,-300,-1378.8,0
300,-300,-1306.29,0
300,-300,-1225.6,0
300,-300,-1137.42,0
300,-300,-1040.27,0
300,-300,-936,0
300,-300,-824.91,0
300,-300,-710.78,0
300,-300,-594.57,0
300,-300,-486.78,0
300,-300,-384.68,0
300,-300,-294.15,0
300,-300,-216.96,0
300,-300,-156.66,0
300,-300,-112.04,0
300,-300,-84.74,0
300,-300,-72.25,0
300,-300,-76.22,0
300,-300,-94.02,0
300,-300,-127.27,0
300,-300,-175.97,0
300,-300,-242.97,0
300,-300,-327.79,0
300,-300,-433.53,0
300,-300,-558.48,0
300,-300,-702.93,0
300,-300,-862.82,0
300,-300,-1036.46,0
300,-300,-1216.45,0
300,-300,-1398.79,0
300,-300,-1576.59,0
300,-300,-1746.74,0
300,-300,-1903.44,0
300,-300,-2046.33,0
300,-300,-2172.57,0
300,-300,-2284.43,0
300,-300,-2380.78,0
300,-300,-2465.53,0
300,-300,-2537.71,0
300,-300,-2598.35,0
300,-300,-2646.78,0
300,-300,-2683.35,0
300,-300,-2704.6,0
300,-300,-2710.99,0
300,-300,-2699.48,0
300,-300,-2672.01,0
300,-300,-2628.92,0
300,-300,-2570.56,0
300,-300,-2500.96,0
300,-300,-2424.74,0
300,-300,-2344.88,0
300,-300,-2266.28,0
300,-300,-2191.48,0
300,-300,-2123.84,0
300,-300,-2063.44,0
300,-300,-2012.05,0
300,-300,-1967.39,0
300,-300,-1929.09,0
300,-300,-1895.21,0
300,-300,-1864.03,0
300,-300,-1832.76,0
300,-300,-1801.17,0
300,-300,-1766.63,0
300,-300,-1728.16,0
300,-300,-1683.53,0
300,-300,-1631.86,0
300,-300,-1570.54,0
300,-300,-1499.27,0
300,-300,-1415.23,0
300,-300,-1318.94,0
300,-300,-1208.89,0
300,-300,-1088.15,0
300,-300,-957.51,0
300,-300,-821.15,0
300,-300,-682.06,0
300,-300,-545.73,0
300,-300,-415.69,0
300,-300,-297.07,0
300,-300,-194.35,0
300,-300,-108.34,0
300,-300,-40.09,0
300,-300,8.34,0
300,-300,38.44,0
300,-300,49.55,0
300,-300,43.4,0
300,-300,19.47,0
300,-300,-23.49,0
300,-300,-85.16,0
300,-300,-166.72,0
300,-300,-269.73,0
300,-300,-393.2,0
300,-300,-538,0
300,-300,-700.61,0
300,-300,-879.01,0
300,-300,-1067.59,0
300,-300,-1262.03,0
300,-300,-1456.77,0
300,-300,-1646.48,0
300,-300,-1826.44,0
300,-300,-1994.46,0
300,-300,-2147.24,0
300,-300,-2285.35,0
300,-300,-2407.84,0
300,-300,-2516.34,0
300,-300,-2610.18,0
300,-300,-2690.54,0
300,-300,-2756.79,0
300,-300,-2807.69,0
300,-300,-2840.32,0
300,-300,-2854.73,0
300,-300,-2848.89,0
300,-300,-2823.69,0
300,-300,-2779.16,0
300,-300,-2719.68,0
300,-300,-2648.51,0
300,-300,-2572.43,0
300,-300,-2493.91,0
300,-300,-2419.89,0
300,-300,-2352.01,0
300,-300,-2293.98,0
300,-300,-2244.28,0
300,-300,-2201.65,0
300,-300,-2161.4,0
300,-300,-2120.41,0
300,-300,-2073.33,0
300,-300,-2017.92,0
300,-300,-1950.63,0
300,-300,-1873.55,0
300,-300,-1786.06,0
300,-300,-1693.33,0
300,-300,-1597.8,0
300,-300,-1504.81,0
300,-300,-1416.86,0
300,-300,-1336.72,0
300,-300,-1264.03,0
300,-300,-1198.66,0
300,-300,-1137.17,0
300,-300,-1075.76,0
300,-300,-1012.8,0
300,-300,-943.74,0
300,-300,-865.83,0
300,-300,-779.14,0
300,-300,-684.31,0
300,-300,-584.64,0
300,-300,-483.37,0
300,-300,-384.68,0
300,-300,-293.16,0
300,-300,-212.2,0
300,-300,-144.17,0
300,-300,-90.38,0
300,-300,-50.75,0
300,-300,-25.71,0
300,-300,-14.22,0
300,-300,-16.62,0
300,-300,-32.52,0
300,-300,-64.45,0
300,-300,-112.83,0
300,-300,-180.49,0
300,-300,-268.8,0
300,-300,-379.59,0
300,-300,-512.45,0
300,-300,-666.25,0
300,-300,-837.44,0
300,-300,-1021.94,0
300,-300,-1213.89,0
300,-300,-1408.97,0
300,-300,-1599.94,0
300,-300,-1783.25,0
300,-300,-1954.67,0
300,-300,-2112.46,0
300,-300,-2255.4,0
300,-300,-2383.88,0
300,-300,-2497.79,0
300,-300,-2598.36,0
300,-300,-2685.36,0
300,-300,-2759.51,0
300,-300,-2818.69,0
300,-300,-2860.3,0
300,-300,-2884.17,0
300,-300,-2888.75,0
300,-300,-2872.85,0
300,-300,-2837.61,0
300,-300,-2785.34,0
300,-300,-2720.45,0
300,-300,-2648.21,0
300,-300,-2575.95,0
300,-300,-2509.79,0
300,-300,-2454.36,0
300,-300,-2414.26,0
300,-300,-2390.25,0
300,-300,-2380.42,0
300,-300,-2380.64,0
300,-300,-2383.91,0
300,-300,-2383.25,0
300,-300,-2370.51,0
300,-300,-2336.21,0
300,-300,-2280.03,0
300,-300,-2197.64,0
300,-300,-2092.13,0
300,-300,-1967.34,0
300,-300,-1830.67,0
300,-300,-1690.22,0
300,-300,-1554.77,0
300,-300,-1431.83,0
300,-300,-1327.65,0
300,-300,-1243.73,0
300,-300,-1180.74,0
300,-300,-1137.07,0
300,-300,-1106.56,0
300,-300,-1082.41,0
300,-300,-1057.46,0
300,-300,-1025.41,0
300,-300,-981.71,0
300,-300,-923.67,0
300,-300,-850.45,0
300,-300,-764.44,0
300,-300,-668.83,0
300,-300,-568.56,0
300,-300,-467.92,0
300,-300,-371.83,0
300,-300,-283.99,0
300,-300,-207.09,0
300,-300,-143,0
300,-300,-92.28,0
300,-300,-57.62,0
300,-300,-37.55,0
300,-300,-33.85,0
300,-300,-47.86,0
300,-300,-81.27,0
300,-300,-135.97,0
300,-300,-213.7,0
300,-300,-315.06,0
300,-300,-440.08,0
300,-300,-586.67,0
300,-300,-752.83,0
300,-300,-932.8,0
300,-300,-1122.6,0
300,-300,-1315.2,0
300,-300,-1505.42,0
300,-300,-1688.07,0
300,-300,-1858.98,0
300,-300,-2015.71,0
300,-300,-2157.05,0
300,-300,-2282.58,0
300,-300,-2394.23,0
300,-300,-2492.7,0
300,-300,-2578.31,0
300,-300,-2652.38,0
300,-300,-2714.47,0
300,-300,-2763.05,0
300,-300,-2796.81,0
300,-300,-2813.45,0
300,-300,-2812.03,0
300,-300,-2791.78,0
300,-300,-2754.75,0
300,-300,-2703.29,0
300,-300,-2641.17,0
300,-300,-2575.42,0
300,-300,-2511.45,0
300,-300,-2454.94,0
300,-300,-2410.74,0
300,-300,-2380.6,0
300,-300,-2364.66,0
300,-300,-2360.34,0
300,-300,-2356.03,0
300,-300,-2351.42,0
300,-300,-2336.36,0
300,-300,-2305.25,0
300,-300,-2253.19,0
300,-300,-2177.76,0
300,-300,-2080.39,0
300,-300,-1964.77,0
300,-300,-1837.99,0
300,-300,-1707.38,0
300,-300,-1581.78,0
300,-300,-1467.89,0
300,-300,-1370.62,0
300,-300,-1292.38,0
300,-300,-1233.25,0
300,-300,-1189.13,0
300,-300,-1154.85,0
300,-300,-1122.81,0
300,-300,-1086.7,0
300,-300,-1040.03,0
300,-300,-978.93,0
300,-300,-900.31,0
300,-300,-809.18,0
300,-300,-704.27,0
300,-300,-592,0
300,-300,-478,0
300,-300,-368.54,0
300,-300,-267.74,0
300,-300,-179.75,0
300,-300,-107.07,0
300,-300,-50.41,0
300,-300,-8.57,0
300,-300,16.42,0
300,-300,27.08,0
300,-300,21.84,0
300,-300,0.32,0
300,-300,-39.61,0
300,-300,-99.29,0
300,-300,-180.73,0
300,-300,-285.35,0
300,-300,-412.43,0
300,-300,-560.39,0
300,-300,-726.04,0
300,-300,-904.46,0
300,-300,-1090.74,0
300,-300,-1278.08,0
300,-300,-1461.85,0
300,-300,-1636.3,0
300,-300,-1798.78,0
300,-300,-1946.75,0
300,-300,-2081.13,0
300,-300,-2199.74,0
300,-300,-2306.64,0
300,-300,-2401.73,0
300,-300,-2486.67,0
300,-300,-2560.21,0
300,-300,-2622.21,0
300,-300,-2669.63,0
300,-300,-2701.16,0
300,-300,-2713.12,0
300,-300,-2706.35,0
300,-300,-2678.27,0
300,-300,-2633.08,0
300,-300,-2573.29,0
300,-300,-2505.44,0
300,-300,-2435.4,0
300,-300,-2371.04,0
300,-300,-2318.4,0
300,-300,-2278.48,0
300,-300,-2254.24,0
300,-300,-2244.53,0
300,-300,-2243.34,0
300,-300,-2245.85,0
300,-300,-2243.64,0
300,-300,-2229.93,0
300,-300,-2197.39,0
300,-300,-2143.29,0
300,-300,-2065.33,0
300,-300,-1967.13,0
300,-300,-1852.12,0
300,-300,-1728.66,0
300,-300,-1602.91,0
300,-300,-1483.79,0
300,-300,-1376.46,0
300,-300,-1285.62,0
300,-300,-1211.35,0
300,-300,-1153.27,0
300,-300,-1106.38,0
300,-300,-1067.49,0
300,-300,-1028.85,0
300,-300,-983.98,0
300,-300,-934.5,0
300,-300,-872.54,0
300,-300,-797.77,0
300,-300,-713.34,0
300,-300,-622.05,0
300,-300,-528.82,0
300,-300,-436.78,0
300,-300,-350.92,0
300,-300,-272.29,0
300,-300,-203.92,0
300,-300,-145.61,0
300,-300,-98.94,0
300,-300,-63.51,0
300,-300,-40.9,0
300,-300,-31.71,0
300,-300,-38.73,0
300,-300,-63.68,0
300,-300,-111.14,0
300,-300,-181.69,0
300,-300,-278.08,0
300,-300,-398.91,0
300,-300,-544.03,0
300,-300,-708.29,0
300,-300,-887.93,0
300,-300,-1075.8,0
300,-300,-1266.25,0
300,-300,-1452.42,0
300,-300,-1629.89,0
300,-300,-1794.77,0
300,-300,-1944.29,0
300,-300,-2078.02,0
300,-300,-2197.94,0
300,-300,-2304.12,0
300,-300,-2399.42,0
300,-300,-2483.46,0
300,-300,-2558.18,0
300,-300,-2622.09,0
300,-300,-2674.68,0
300,-300,-2712.9,0
300,-300,-2734.42,0
300,-300,-2737.71,0
300,-300,-2723.26,0
300,-300,-2690.34,0
300,-300,-2643.43,0
300,-300,-2585.49,0
300,-300,-2524.02,0
300,-300,-2464.63,0
300,-300,-2414.4,0
300,-300,-2377.03,0
300,-300,-2356.89,0
300,-300,-2352.56,0
300,-300,-2362.71,0
300,-300,-2380.56,0
300,-300,-2400.17,0
300,-300,-2411.85,0
300,-300,-2408.73,0
300,-300,-2379.34,0
300,-300,-2324.41,0
300,-300,-2239.41,0
300,-300,-2128.44,0
300,-300,-1994.53,0
300,-300,-1847.75,0
300,-300,-1695.8,0
300,-300,-1549.95,0
300,-300,-1417.63,0
300,-300,-1306.79,0
300,-300,-1219.13,0
300,-300,-1155.13,0
300,-300,-1114.13,0
300,-300,-1089.62,0
300,-300,-1073.02,0
300,-300,-1057.77,0
300,-300,-1034.97,0
300,-300,-1000.54,0
300,-300,-948.87,0
300,-300,-880.92,0
300,-300,-795.63,0
300,-300,-699.21,0
300,-300,-593.35,0
300,-300,-486.02,0
300,-300,-380.45,0
300,-300,-282.64,0
300,-300,-194.36,0
300,-300,-118.85,0
300,-300,-55.47,0
300,-300,-6.45,0
300,-300,29.71,0
300,-300,50.69,0
300,-300,58.29,0
300,-300,47.84,0
300,-300,18.76,0
300,-300,-33.12,0
300,-300,-108.41,0
300,-300,-210.35,0
300,-300,-337.29,0
300,-300,-489.49,0
300,-300,-661.84,0
300,-300,-851.1,0
300,-300,-1048.97,0
300,-300,-1250.85,0
300,-300,-1448.53,0
300,-300,-1637.61,0
300,-300,-1812.28,0
300,-300,-1971.58,0
300,-300,-2113.29,0
300,-300,-2239.7,0
300,-300,-2351.97,0
300,-300,-2453.15,0
300,-300,-2543.14,0
300,-300,-2624.61,0
300,-300,-2695.63,0
300,-300,-2756.54,0
300,-300,-2802.64,0
300,-300,-2833.37,0
300,-300,-2844.38,0
300,-300,-2836.41,0
300,-300,-2808.94,0
300,-300,-2765.11,0
300,-300,-2708.41,0
300,-300,-2645.92,0
300,-300,-2582.86,0
300,-300,-2527.98,0
300,-300,-2484.62,0
300,-300,-2458.57,0
300,-300,-2449.5,0
300,-300,-2458.22,0
300,-300,-2478.57,0
300,-300,-2504.34,0
300,-300,-2526.16,0
300,-300,-2537.05,0
300,-300,-2527.22,0
300,-300,-2491.38,0
300,-300,-2423.44,0
300,-300,-2324.72,0
300,-300,-2194.81,0
300,-300,-2041.06,0
300,-300,-1868.58,0
300,-300,-1689.38,0
300,-300,-1511.29,0
300,-300,-1345.97,0
300,-300,-1198.89,0
300,-300,-1077.82,0
300,-300,-983.65,0
300,-300,-918.46,0
300,-300,-876.59,0
300,-300,-855.55,0
300,-300,-845.27,0
300,-300,-844.5,0
300,-300,-839.87,0
300,-300,-828.04,0
300,-300,-802.11,0
300,-300,-761.47,0
300,-300,-703.44,0
300,-300,-630.39,0
300,-300,-542.61,0
300,-300,-444.95,0
300,-300,-340.02,0
300,-300,-234.63,0
300,-300,-130.47,0
300,-300,-33.42,0
300,-300,55.13,0
300,-300,130.16,0
300,-300,191.18,0
300,-300,233.36,0
300,-300,257.16,0
300,-300,256.34,0
300,-300,232.64,0
300,-300,180.92,0
300,-300,102.89,0
300,-300,-4.9,0
300,-300,-139.25,0
300,-300,-300.19,0
300,-300,-481.72,0
300,-300,-681.32,0
300,-300,-890.79,0
300,-300,-1106.62,0
300,-300,-1319.27,0
300,-300,-1525.88,0
300,-300,-1719.59,0
300,-300,-1900.46,0
300,-300,-2064.58,0
300,-300,-2213.86,0
300,-300,-2347.29,0
300,-300,-2468.12,0
300,-300,-2575.36,0
300,-300,-2673.51,0
300,-300,-2758.12,0
300,-300,-2831.09,0
300,-300,-2888.01,0
300,-300,-2928.79,0
300,-300,-2949.15,0
300,-300,-2949.92,0
300,-300,-2929.1,0
300,-300,-2890.76,0
300,-300,-2835.91,0
300,-300,-2772.73,0
300,-300,-2705.38,0
300,-300,-2641.7,0
300,-300,-2586.92,0
300,-300,-2547.72,0
300,-300,-2524.99,0
300,-300,-2521.4,0
300,-300,-2532.64,0
300,-300,-2556.38,0
300,-300,-2583.37,0
300,-300,-2602.87,0
300,-300,-2608.77,0
300,-300,-2593.27,0
300,-300,-2549.01,0
300,-300,-2475.1,0
300,-300,-2369.01,0
300,-300,-2236.83,0
300,-300,-2082,0
300,-300,-1915.61,0
300,-300,-1745.59,0
300,-300,-1583.12,0
300,-300,-1435.59,0
300,-300,-1311.48,0
300,-300,-1213.69,0
300,-300,-1144.35,0
300,-300,-1099.15,0
300,-300,-1075.59,0
300,-300,-1064.63,0
300,-300,-1060.7,0
300,-300,-1054.52,0
300,-300,-1041.7,0
300,-300,-1014.46,0
300,-300,-973.1,0
300,-300,-912.96,0
300,-300,-838.63,0
300,-300,-750.38,0
300,-300,-654.74,0
300,-300,-553.63,0
300,-300,-453.47,0
300,-300,-355.2,0
300,-300,-265.72,0
300,-300,-183.33,0
300,-300,-113.37,0
300,-300,-54.05,0
300,-300,-10.08,0
300,-300,19.56,0
300,-300,29.92,0
300,-300,21.14,0
300,-300,-11.48,0
300,-300,-67.62,0
300,-300,-152.56,0
300,-300,-262.83,0
300,-300,-399.57,0
300,-300,-557.34,0
300,-300,-734.49,0
300,-300,-922.2,0
300,-300,-1116.82,0
300,-300,-1309.17,0
300,-300,-1496.17,0
300,-300,-1670.56,0
300,-300,-1834.12,0
300,-300,-1980.62,0
300,-300,-2115.26,0
300,-300,-2236.66,0
300,-300,-2349.28,0
300,-300,-2452.25,0
300,-300,-2548.76,0
300,-300,-2635.64,0
300,-300,-2714.44,0
300,-300,-2778.86,0
300,-300,-2829.52,0
300,-300,-2859.75,0
300,-300,-2871.13,0
300,-300,-2860.56,0
300,-300,-2832.23,0
300,-300,-2786.88,0
300,-300,-2733.01,0
300,-300,-2674.92,0
300,-300,-2622.14,0
300,-300,-2578.84,0
300,-300,-2552.16,0
300,-300,-2540.05,0
300,-300,-2545.28,0
300,-300,-2559.99,0
300,-300,-2580.17,0
300,-300,-2594.31,0
300,-300,-2595.99,0
300,-300,-2574.18,0
300,-300,-2526.03,0
300,-300,-2443.38,0
300,-300,-2332.8,0
300,-300,-2193.94,0
300,-300,-2036.92,0
300,-300,-1869.1,0
300,-300,-1702.82,0
300,-300,-1545.48,0
300,-300,-1407.06,0
300,-300,-1289.85,0
300,-300,-1198.26,0
300,-300,-1127.98,0
300,-300,-1075.39,0
300,-300,-1036.01,0
300,-300,-999.53,0
300,-300,-955.78,0
300,-300,-901.14,0
300,-300,-828.24,0
300,-300,-738.1,0
300,-300,-628.46,0
300,-300,-505.3,0
300,-300,-370.89,0
300,-300,-232.92,0
300,-300,-95.9,0
300,-300,32.44,0
300,-300,149.87,0
300,-300,249.96,0
300,-300,333.18,0
300,-300,395.11,0
300,-300,438.18,0
300,-300,459.24,0
300,-300,458.62,0
300,-300,434.18,0
300,-300,386.88,0
300,-300,312.48,0
300,-300,212.84,0
300,-300,84.72,0
300,-300,-67.38,0
300,-300,-244.39,0
300,-300,-439.34,0
300,-300,-649.71,0
300,-300,-866.67,0
300,-300,-1087.2,0
300,-300,-1300.27,0
300,-300,-1504.78,0
300,-300,-1692.91,0
300,-300,-1865.27,0
300,-300,-2017.84,0
300,-300,-2153.73,0
300,-300,-2271.89,0
300,-300,-2376.58,0
300,-300,-2466.4,0
300,-300,-2546.32,0
300,-300,-2611.38,0
300,-300,-2665.42,0
300,-300,-2703.28,0
300,-300,-2726.22,0
300,-300,-2729.62,0
300,-300,-2716.24,0
300,-300,-2684.16,0
300,-300,-2640,0
300,-300,-2584.52,0
300,-300,-2526.52,0
300,-300,-2466.76,0
300,-300,-2414.46,0
300,-300,-2369.16,0
300,-300,-2335.65,0
300,-300,-2310.15,0
300,-300,-2292.15,0
300,-300,-2274.53,0
300,-300,-2252.55,0
300,-300,-2220.71,0
300,-300,-2177.06,0
300,-300,-2116.09,0
300,-300,-2040.87,0
300,-300,-1950.97,0
300,-300,-1853.16,0
300,-300,-1749.54,0
300,-300,-1648.73,0
300,-300,-1551.73,0
300,-300,-1464.64,0
300,-300,-1385.37,0
300,-300,-1315.48,0
300,-300,-1249.38,0
300,-300,-1185.35,0
300,-300,-1115.78,0
300,-300,-1039.99,0
300,-300,-951.27,0
300,-300,-852.04,0
300,-300,-739.83,0
300,-300,-621.59,0
300,-300,-497.19,0
300,-300,-377.94,0
300,-300,-263.32,0
300,-300,-161.45,0
300,-300,-73.06,0
300,-300,-2.79,0
300,-300,52.09,0
300,-300,88.8,0
300,-300,111.69,0
300,-300,116.97,0
300,-300,108.12,0
300,-300,81.21,0
300,-300,36.95,0
300,-300,-30.34,0
300,-300,-120.59,0
300,-300,-238.8,0
300,-300,-382.15,0
300,-300,-552.61,0
300,-300,-743.33,0
300,-300,-952.88,0
300,-300,-1171.79,0
300,-300,-1395.63,0
300,-300,-1614.44,0
300,-300,-1825.4,0
300,-300,-2020.05,0
300,-300,-2198.93,0
300,-300,-2357.85,0
300,-300,-2500.39,0
300,-300,-2624.52,0
300,-300,-2735.14,0
300,-300,-2830.43,0
300,-300,-2912.54,0
300,-300,-2978.74,0
300,-300,-3030.19,0
300,-300,-3061.26,0
300,-300,-3073.09,0
300,-300,-3060.74,0
300,-300,-3027.6,0
300,-300,-2972.98,0
300,-300,-2903.71,0
300,-300,-2822.81,0
300,-300,-2740.69,0
300,-300,-2661.22,0
300,-300,-2594.57,0
300,-300,-2541.11,0
300,-300,-2506.21,0
300,-300,-2484.73,0
300,-300,-2475.28,0
300,-300,-2462.83,0
300,-300,-2447.16,0
300,-300,-2415.1,0
300,-300,-2363.58,0
300,-300,-2284.9,0
300,-300,-2182.1,0
300,-300,-2054.75,0
300,-300,-1912.6,0
300,-300,-1760.85,0
300,-300,-1612.24,0
300,-300,-1472.52,0
300,-300,-1351.78,0
300,-300,-1250.26,0
300,-300,-1172.5,0
300,-300,-1112.36,0
300,-300,-1067.86,0
300,-300,-1027.84,0
300,-300,-988.03,0
300,-300,-937.8,0
300,-300,-875.14,0
300,-300,-794.17,0
300,-300,-698.4,0
300,-300,-590.24,0
300,-300,-475.17,0
300,-300,-356.79,0
300,-300,-245.37,0
300,-300,-142.31,0
300,-300,-54.92,0
300,-300,18.38,0
300,-300,74.32,0
300,-300,116.86,0
300,-300,144.06,0
300,-300,160.17,0
300,-300,162.1,0
300,-300,151.86,0
300,-300,123.52,0
300,-300,77,0
300,-300,5.15,0
300,-300,-91.48,0
300,-300,-218.33,0
300,-300,-371.08,0
300,-300,-551.46,0
300,-300,-750.31,0
300,-300,-965.07,0
300,-300,-1184.4,0
300,-300,-1403.87,0
300,-300,-1613.44,0
300,-300,-1811.23,0
300,-300,-1990.12,0
300,-300,-2152.5,0
300,-300,-2295.5,0
300,-300,-2424.37,0
300,-300,-2536.98,0
300,-300,-2639.05,0
300,-300,-2727.91,0
300,-300,-2806.4,0
300,-300,-2869.21,0
300,-300,-2916.54,0
300,-300,-2941.8,0
300,-300,-2945.71,0
300,-300,-2924.82,0
300,-300,-2882.25,0
300,-300,-2817.92,0
300,-300,-2740.89,0
300,-300,-2655.04,0
300,-300,-2572.51,0
300,-300,-2497.54,0
300,-300,-2440.52,0
300,-300,-2402.1,0
300,-300,-2386.45,0
300,-300,-2382.13,0
300,-300,-2390.2,0
300,-300,-2397.48,0
300,-300,-2398.49,0
300,-300,-2380.34,0
300,-300,-2339.61,0
300,-300,-2269.39,0
300,-300,-2173.1,0
300,-300,-2051.26,0
300,-300,-1914.53,0
300,-300,-1769.35,0
300,-300,-1628.53,0
300,-300,-1498.46,0
300,-300,-1389.46,0
300,-300,-1302.13,0
300,-300,-1239.67,0
300,-300,-1195.9,0
300,-300,-1168.05,0
300,-300,-1144.97,0
300,-300,-1121.65,0
300,-300,-1085.6,0
300,-300,-1040.61,0
300,-300,-974.72,0
300,-300,-893.02,0
300,-300,-795.32,0
300,-300,-690.69,0
300,-300,-581.97,0
300,-300,-478.82,0
300,-300,-382.67,0
300,-300,-299.98,0
300,-300,-229.86,0
300,-300,-175.65,0
300,-300,-133.56,0
300,-300,-105.35,0
300,-300,-86.31,0
300,-300,-80.02,0
300,-300,-83.43,0
300,-300,-102.44,0
300,-300,-136.48,0
300,-300,-193.48,0
300,-300,-271.35,0
300,-300,-376.71,0
300,-300,-505.25,0
300,-300,-658.68,0
300,-300,-829.45,0
300,-300,-1015.68,0
300,-300,-1206.15,0
300,-300,-1398.2,0
300,-300,-1580.81,0
300,-300,-1753.54,0
300,-300,-1908.4,0
300,-300,-2047.5,0
300,-300,-2167.3,0
300,-300,-2273.3,0
300,-300,-2364.44,0
300,-300,-2446,0
300,-300,-2516.03,0
300,-300,-2578.61,0
300,-300,-2629.01,0
300,-300,-2670.17,0
300,-300,-2694.71,0
300,-300,-2704.93,0
300,-300,-2695.56,0
300,-300,-2670.92,0
300,-300,-2629.17,0
300,-300,-2578.17,0
300,-300,-2519.83,0
300,-300,-2464.71,0
300,-300,-2415.73,0
300,-300,-2381.72,0
300,-300,-2362.99,0
300,-300,-2362.68,0
300,-300,-2374.95,0
300,-300,-2397.83,0
300,-300,-2420.29,0
300,-300,-2437.28,0
300,-300,-2436.93,0
300,-300,-2415.93,0
300,-300,-2366.47,0
300,-300,-2290.81,0
300,-300,-2190.07,0
300,-300,-2071.37,0
300,-300,-1940.57,0
300,-300,-1810.09,0
300,-300,-1684.69,0
300,-300,-1575.25,0
300,-300,-1482.37,0
300,-300,-1411.39,0
300,-300,-1356.19,0
300,-300,-1317.21,0
300,-300,-1282.35,0
300,-300,-1252.89,0
300,-300,-1214.56,0
300,-300,-1165.73,0
300,-300,-1099.54,0
300,-300,-1019.5,0
300,-300,-924.09,0
300,-300,-820.44,0
300,-300,-710.43,0
300,-300,-602.98,0
300,-300,-499.47,0
300,-300,-408.05,0
300,-300,-327.32,0
300,-300,-263.09,0
300,-300,-211.86,0
300,-300,-176.61,0
300,-300,-153.36,0
300,-300,-145.06,0
300,-300,-149.6,0
300,-300,-169.86,0
300,-300,-204.17,0
300,-300,-258.25,0
300,-300,-329.02,0
300,-300,-421.78,0
300,-300,-531.69,0
300,-300,-661.16,0
300,-300,-803.26,0
300,-300,-957.28,0
300,-300,-1115.88,0
300,-300,-1276.59,0
300,-300,-1431.57,0
300,-300,-1580.29,0
300,-300,-1716.17,0
300,-300,-1841.66,0
300,-300,-1952.83,0
300,-300,-2053.96,0
300,-300,-2141.97,0
300,-300,-2221.68,0
300,-300,-2289.71,0
300,-300,-2350.51,0
300,-300,-2397.89,0
300,-300,-2435.74,0
300,-300,-2458.44,0
300,-300,-2468.53,0
300,-300,-2461.18,0
300,-300,-2440.69,0
300,-300,-2404.63,0
300,-300,-2359.04,0
300,-300,-2297.23,0
300,-300,-2232.13,0
300,-300,-2160.35,0
300,-300,-2090.5,0
300,-300,-2021.17,0
300,-300,-1959.07,0
300,-300,-1901.88,0
300,-300,-1854.69,0
300,-300,-1814.07,0
300,-300,-1783.9,0
300,-300,-1759.34,0
300,-300,-1743.22,0
300,-300,-1728.44,0
300,-300,-1717.41,0
300,-300,-1702.87,0
300,-300,-1685.14,0
300,-300,-1656.71,0
300,-300,-1618.41,0
300,-300,-1563.29,0
300,-300,-1493.93,0
300,-300,-1405.06,0
300,-300,-1301.23,0
300,-300,-1181.8,0
300,-300,-1053.74,0
300,-300,-918.74,0
300,-300,-785.74,0
300,-300,-656.81,0
300,-300,-540.44,0
300,-300,-436.9,0
300,-300,-353.84,0
300,-300,-287.4,0
300,-300,-241.94,0
300,-300,-213.03,0
300,-300,-201.31,0
300,-300,-201.66,0
300,-300,-216.32,0
300,-300,-240.52,0
300,-300,-277.82,0
300,-300,-324.92,0
300,-300,-387.95,0
300,-300,-462.79,0
300,-300,-555.4,0
300,-300,-660.93,0
300,-300,-782.66,0
300,-300,-914.51,0
300,-300,-1056.55,0
300,-300,-1200.6,0
300,-300,-1346.29,0
300,-300,-1485.86,0
300,-300,-1619.61,0
300,-300,-1742.15,0
300,-300,-1856.11,0
300,-300,-1958.04,0
300,-300,-2053.07,0
300,-300,-2138.04,0
300,-300,-2217.97,0
300,-300,-2288.87,0
300,-300,-2353.46,0
300,-300,-2406.18,0
300,-300,-2447.87,0
300,-300,-2472.08,0
300,-300,-2477.85,0
300,-300,-2460.38,0
300,-300,-2422.53,0
300,-300,-2360.82,0
300,-300,-2282.25,0
300,-300,-2186.83,0
300,-300,-2085.39,0
300,-300,-1979.02,0
300,-300,-1880.82,0
300,-300,-1792.71,0
300,-300,-1722.24,0
300,-300,-1669.58,0
300,-300,-1639.53,0
300,-300,-1626.14,0
300,-300,-1629.65,0
300,-300,-1640.39,0
300,-300,-1655.73,0
300,-300,-1664.32,0
300,-300,-1664.17,0
300,-300,-1646.3,0
300,-300,-1610.64,0
300,-300,-1551.04,0
300,-300,-1472.08,0
300,-300,-1372.31,0
300,-300,-1259.08,0
300,-300,-1133.82,0
300,-300,-1006.25,0
300,-300,-878.1,0
300,-300,-758,0
300,-300,-645.54,0
300,-300,-552.65,0
300,-300,-472.25,0
300,-300,-409.19,0
300,-300,-359.34,0
300,-300,-325.99,0
300,-300,-304.44,0
300,-300,-297.46,0
300,-300,-301.77,0
300,-300,-320.29,0
300,-300,-350.29,0
300,-300,-396.42,0
300,-300,-456.16,0
300,-300,-534.44,0
300,-300,-627.42,0
300,-300,-738.49,0
300,-300,-861.97,0
300,-300,-998.88,0
300,-300,-1142.38,0
300,-300,-1292.44,0
300,-300,-1440.26,0
300,-300,-1587.33,0
300,-300,-1726.25,0
300,-300,-1858.95,0
300,-300,-1980.64,0
300,-300,-2094.71,0
300,-300,-2198.09,0
300,-300,-2295.11,0
300,-300,-2381.52,0
300,-300,-2462.45,0
300,-300,-2531.05,0
300,-300,-2590.87,0
300,-300,-2635.48,0
300,-300,-2666.86,0
300,-300,-2678.92,0
300,-300,-2675.44,0
300,-300,-2653.06,0
300,-300,-2617.32,0
300,-300,-2567.29,0
300,-300,-2510.79,0
300,-300,-2446.61,0
300,-300,-2383.31,0
300,-300,-2319.95,0
300,-300,-2262.01,0
300,-300,-2206.51,0
300,-300,-2156.93,0
300,-300,-2108.66,0
300,-300,-2063.99,0
300,-300,-2017.46,0
300,-300,-1971.99,0
300,-300,-1923.18,0
300,-300,-1874.61,0
300,-300,-1823.33,0
300,-300,-1773.78,0
300,-300,-1722.21,0
300,-300,-1673.04,0
300,-300,-1621.65,0
300,-300,-1571.29,0
300,-300,-1515.89,0
300,-300,-1457.36,0
300,-300,-1390.13,0
300,-300,-1316.2,0
300,-300,-1231.46,0
300,-300,-1140.63,0
300,-300,-1041.08,0
300,-300,-939.66,0
300,-300,-835.2,0
300,-300,-736.11,0
300,-300,-640.38,0
300,-300,-556.88,0
300,-300,-481.51,0
300,-300,-419.85,0
300,-300,-368.12,0
300,-300,-330.1,0
300,-300,-301.01,0
300,-300,-284.66,0
300,-300,-277.34,0
300,-300,-284.44,0
300,-300,-303.49,0
300,-300,-340.8,0
300,-300,-394.42,0
300,-300,-469.63,0
300,-300,-563.24,0
300,-300,-678.47,0
300,-300,-809.27,0
300,-300,-955.96,0
300,-300,-1109.97,0
300,-300,-1270.07,0
300,-300,-1428.07,0
300,-300,-1583.57,0
300,-300,-1729.87,0
300,-300,-1868.58,0
300,-300,-1995.53,0
300,-300,-2114.22,0
300,-300,-2221.42,0
300,-300,-2321.49,0
300,-300,-2410.53,0
300,-300,-2491.21,0
300,-300,-2558.26,0
300,-300,-2612.31,0
300,-300,-2648.27,0
300,-300,-2667.75,0
300,-300,-2665.86,0
300,-300,-2646.73,0
300,-300,-2608.42,0
300,-300,-2559.04,0
300,-300,-2499.53,0
300,-300,-2440,0
300,-300,-2382.66,0
300,-300,-2336.41,0
300,-300,-2301.24,0
300,-300,-2283.71,0
300,-300,-2278.33,0
300,-300,-2286.22,0
300,-300,-2297.96,0
300,-300,-2310.63,0
300,-300,-2308.71,0
300,-300,-2293.59,0
300,-300,-2254.75,0
300,-300,-2194.03,0
300,-300,-2107.07,0
300,-300,-2001.41,0
300,-300,-1878.83,0
300,-300,-1750.75,0
300,-300,-1621.32,0
300,-300,-1502.7,0
300,-300,-1396.52,0
300,-300,-1310.73,0
300,-300,-1243.19,0
300,-300,-1196.46,0
300,-300,-1162.5,0
300,-300,-1139.92,0
300,-300,-1118.55,0
300,-300,-1095.66,0
300,-300,-1062.48,0
300,-300,-1019.33,0
300,-300,-961.45,0
300,-300,-893.45,0
300,-300,-813.91,0
300,-300,-730.54,0
300,-300,-643.27,0
300,-300,-560.34,0
300,-300,-480.28,0
300,-300,-409.3,0
300,-300,-343.79,0
300,-300,-288.02,0
300,-300,-236.98,0
300,-300,-194.91,0
300,-300,-156.78,0
300,-300,-128.53,0
300,-300,-108.31,0
300,-300,-103.46,0
300,-300,-113.46,0
300,-300,-146.34,0
300,-300,-201.18,0
300,-300,-283.95,0
300,-300,-390.63,0
300,-300,-524.2,0
300,-300,-675.53,0
300,-300,-844.48,0
300,-300,-1020.32,0
300,-300,-1200.46,0
300,-300,-1374.96,0
300,-300,-1543.06,0
300,-300,-1697.78,0
300,-300,-1842.34,0
300,-300,-1972.62,0
300,-300,-2093.93,0
300,-300,-2204.06,0
300,-300,-2308.23,0
300,-300,-2403.76,0
300,-300,-2493.34,0
300,-300,-2571.63,0
300,-300,-2639.31,0
300,-300,-2689.43,0
300,-300,-2723.82,0
300,-300,-2734.92,0
300,-300,-2727.44,0
300,-300,-2698.83,0
300,-300,-2656.37,0
300,-300,-2601.61,0
300,-300,-2545.08,0
300,-300,-2489.64,0
300,-300,-2444.94,0
300,-300,-2411.79,0
300,-300,-2398.1,0
300,-300,-2398.38,0
300,-300,-2415.25,0
300,-300,-2440.21,0
300,-300,-2472.26,0
300,-300,-2501,0
300,-300,-2524.31,0
300,-300,-2532.57,0
300,-300,-2525.83,0
300,-300,-2497.28,0
300,-300,-2444.9,0
300,-300,-2369.12,0
300,-300,-2274.33,0
300,-300,-2159.47,0
300,-300,-2033.02,0
300,-300,-1895.68,0
300,-300,-1756.77,0
300,-300,-1617.94,0
300,-300,-1489.28,0
300,-300,-1371.63,0
300,-300,-1272.38,0
300,-300,-1189.98,0
300,-300,-1133.42,0
300,-300,-1093.27,0
300,-300,-1071.41,0
300,-300,-1060.28,0
300,-300,-1058.17,0
300,-300,-1055.3,0
300,-300,-1049.55,0
300,-300,-1030.97,0
300,-300,-999.24,0
300,-300,-948.23,0
300,-300,-881.57,0
300,-300,-797.33,0
300,-300,-702.74,0
300,-300,-598.82,0
300,-300,-495.07,0
300,-300,-392.83,0
300,-300,-300.49,0
300,-300,-217.34,0
300,-300,-149.56,0
300,-300,-93.64,0
300,-300,-53.67,0
300,-300,-25.38,0
300,-300,-12.66,0
300,-300,-11.87,0
300,-300,-28.15,0
300,-300,-58.8,0
300,-300,-109.96,0
300,-300,-180.47,0
300,-300,-274.12,0
300,-300,-387.65,0
300,-300,-523.03,0
300,-300,-672.84,0
300,-300,-836.96,0
300,-300,-1005.97,0
300,-300,-1178.33,0
300,-300,-1344.56,0
300,-300,-1504.78,0
300,-300,-1653.42,0
300,-300,-1792.14,0
300,-300,-1917.5,0
300,-300,-2035.02,0
300,-300,-2141.57,0
300,-300,-2243.47,0
300,-300,-2336.13,0
300,-300,-2423.22,0
300,-300,-2498.75,0
300,-300,-2563.94,0
300,-300,-2612.79,0
300,-300,-2645.3,0
300,-300,-2655.97,0
300,-300,-2648.8,0
300,-300,-2622.06,0
300,-300,-2583.13,0
300,-300,-2533.38,0
300,-300,-2483.24,0
300,-300,-2435.32,0
300,-300,-2399.23,0
300,-300,-2376.2,0
300,-300,-2372.35,0
300,-300,-2382.11,0
300,-300,-2408.07,0
300,-300,-2440.13,0
300,-300,-2474.89,0
300,-300,-2500.51,0
300,-300,-2512.86,0
300,-300,-2501.21,0
300,-300,-2464.6,0
300,-300,-2392.65,0
300,-300,-2295.33,0
300,-300,-2168.44,0
300,-300,-2023.97,0
300,-300,-1864.98,0
300,-300,-1704.7,0
300,-300,-1547.75,0
300,-300,-1406.31,0
300,-300,-1282.82,0
300,-300,-1183.78,0
300,-300,-1107.36,0
300,-300,-1054.47,0
300,-300,-1021.52,0
300,-300,-1002.72,0
300,-300,-987.58,0
300,-300,-974.07,0
300,-300,-952.07,0
300,-300,-921.64,0
300,-300,-876.09,0
300,-300,-818.4,0
300,-300,-745.49,0
300,-300,-664.11,0
300,-300,-574.82,0
300,-300,-485,0
300,-300,-395.25,0
300,-300,-313.44,0
300,-300,-238.79,0
300,-300,-176.74,0
300,-300,-124.96,0
300,-300,-88.46,0
300,-300,-62.34,0
300,-300,-51.26,0
300,-300,-52.07,0
300,-300,-68.83,0
300,-300,-99.61,0
300,-300,-149.81,0
300,-300,-216.95,0
300,-300,-306.04,0
300,-300,-412.89,0
300,-300,-541.34,0
300,-300,-683.76,0
300,-300,-841.22,0
300,-300,-1004.55,0
300,-300,-1173.13,0
300,-300,-1338,0
300,-300,-1498.69,0
300,-300,-1648.33,0
300,-300,-1788.9,0
300,-300,-1916.21,0
300,-300,-2034.86,0
300,-300,-2142.73,0
300,-300,-2243.33,0
300,-300,-2335.07,0
300,-300,-2421.4,0
300,-300,-2497.09,0
300,-300,-2563.97,0
300,-300,-2615.06,0
300,-300,-2651.43,0
300,-300,-2666.92,0
300,-300,-2664.17,0
300,-300,-2640.97,0
300,-300,-2602.06,0
300,-300,-2548.9,0
300,-300,-2490.72,0
300,-300,-2429.79,0
300,-300,-2376.63,0
300,-300,-2331.89,0
300,-300,-2303.62,0
300,-300,-2290.04,0
300,-300,-2294.05,0
300,-300,-2309.02,0
300,-300,-2332.72,0
300,-300,-2355.91,0
300,-300,-2374.89,0
300,-300,-2378.74,0
300,-300,-2365.07,0
300,-300,-2325.7,0
300,-300,-2262.83,0
300,-300,-2169.73,0
300,-300,-2056.74,0
300,-300,-1923.6,0
300,-300,-1780.86,0
300,-300,-1632.28,0
300,-300,-1490.29,0
300,-300,-1358.25,0
300,-300,-1245.94,0
300,-300,-1154.15,0
300,-300,-1088.5,0
300,-300,-1043.1,0
300,-300,-1019.43,0
300,-300,-1007.06,0
300,-300,-1008.16,0
300,-300,-1006.4,0
300,-300,-1000.67,0
300,-300,-981.54,0
300,-300,-949.48,0
300,-300,-898.11,0
300,-300,-831.84,0
300,-300,-748.77,0
300,-300,-655.5,0
300,-300,-554.43,0
300,-300,-453.42,0
300,-300,-353.13,0
300,-300,-262.14,0
300,-300,-179.5,0
300,-300,-111.11,0
300,-300,-53.82,0
300,-300,-12.21,0
300,-300,17.29,0
300,-300,30.58,0
300,-300,30.82,0
300,-300,12.4,0
300,-300,-22.46,0
300,-300,-79.97,0
300,-300,-158.14,0
300,-300,-262.16,0
300,-300,-387.7,0
300,-300,-536.97,0
300,-300,-702.57,0
300,-300,-884.29,0
300,-300,-1070.94,0
300,-300,-1261.64,0
300,-300,-1446.3,0
300,-300,-1624.06,0
300,-300,-1787.89,0
300,-300,-1939.89,0
300,-300,-2076.01,0
300,-300,-2201.59,0
300,-300,-2314.36,0
300,-300,-2420.13,0
300,-300,-2515.1,0
300,-300,-2603.96,0
300,-300,-2681.29,0
300,-300,-2748.94,0
300,-300,-2799.56,0
300,-300,-2835.03,0
300,-300,-2848.89,0
300,-300,-2845.5,0
300,-300,-2821.98,0
300,-300,-2785.79,0
300,-300,-2737.57,0
300,-300,-2687.56,0
300,-300,-2638.34,0
300,-300,-2599.48,0
300,-300,-2571.14,0
300,-300,-2559.82,0
300,-300,-2561.02,0
300,-300,-2577.94,0
300,-300,-2600.44,0
300,-300,-2627.27,0
300,-300,-2647.5,0
300,-300,-2657.98,0
300,-300,-2649.02,0
300,-300,-2619.97,0
300,-300,-2563.96,0
300,-300,-2483.91,0
300,-300,-2376.71,0
300,-300,-2246.32,0
300,-300,-2096.56,0
300,-300,-1935.93,0
300,-300,-1767.07,0
300,-300,-1601.23,0
300,-300,-1441.05,0
300,-300,-1297.65,0
300,-300,-1171.92,0
300,-300,-1071.8,0
300,-300,-995.47,0
300,-300,-945.19,0
300,-300,-915.72,0
300,-300,-908.96,0
300,-300,-911.81,0
300,-300,-922.36,0
300,-300,-929.55,0
300,-300,-930.86,0
300,-300,-916.27,0
300,-300,-886,0
300,-300,-834.21,0
300,-300,-764.83,0
300,-300,-676.83,0
300,-300,-579.19,0
300,-300,-472.18,0
300,-300,-365.98,0
300,-300,-261.46,0
300,-300,-167.5,0
300,-300,-83.11,0
300,-300,-14.53,0
300,-300,41.58,0
300,-300,80.08,0
300,-300,105.34,0
300,-300,112.78,0
300,-300,104.92,0
300,-300,75.95,0
300,-300,27.84,0
300,-300,-46.04,0
300,-300,-143.07,0
300,-300,-267.92,0
300,-300,-415.26,0
300,-300,-587.48,0
300,-300,-775.32,0
300,-300,-976.41,0
300,-300,-1180.7,0
300,-300,-1385.5,0
300,-300,-1581.11,0
300,-300,-1766.85,0
300,-300,-1935.89,0
300,-300,-2091.21,0
300,-300,-2228.81,0
300,-300,-2355.97,0
300,-300,-2468.62,0
300,-300,-2573.38,0
300,-300,-2665.77,0
300,-300,-2749.51,0
300,-300,-2818.82,0
300,-300,-2874.64,0
300,-300,-2909.88,0
300,-300,-2926.13,0
300,-300,-2917.96,0
300,-300,-2891.96,0
300,-300,-2844.75,0
300,-300,-2786.21,0
300,-300,-2719,0
300,-300,-2654.41,0
300,-300,-2595.51,0
300,-300,-2552.59,0
300,-300,-2525.05,0
300,-300,-2519.12,0
300,-300,-2528.72,0
300,-300,-2555.76,0
300,-300,-2588.67,0
300,-300,-2624.89,0
300,-300,-2651.53,0
300,-300,-2665.65,0
300,-300,-2656.1,0
300,-300,-2622.24,0
300,-300,-2557.66,0
300,-300,-2465.96,0
300,-300,-2345.37,0
300,-300,-2201.89,0
300,-300,-2040.07,0
300,-300,-1870.88,0
300,-300,-1697.82,0
300,-300,-1533.1,0
300,-300,-1379.84,0
300,-300,-1248.45,0
300,-300,-1139.27,0
300,-300,-1059.18,0
300,-300,-1004.52,0
300,-300,-974.8,0
300,-300,-966.76,0
300,-300,-974.49,0
300,-300,-986.98,0
300,-300,-1001.08,0
300,-300,-1005.18,0
300,-300,-997.43,0
300,-300,-968.68,0
300,-300,-920.5,0
300,-300,-848.84,0
300,-300,-759.48,0
300,-300,-654.35,0
300,-300,-541.42,0
300,-300,-423.74,0
300,-300,-311.82,0
300,-300,-207.15,0
300,-300,-118.34,0
300,-300,-44.16,0
300,-300,9.77,0
300,-300,45.44,0
300,-300,60.6,0
300,-300,58.28,0
300,-300,34.97,0
300,-300,-5.89,0
300,-300,-69.72,0
300,-300,-152.95,0
300,-300,-260.37,0
300,-300,-387.89,0
300,-300,-538.42,0
300,-300,-706.34,0
300,-300,-890.13,0
300,-300,-1081.12,0
300,-300,-1277.42,0
300,-300,-1469.17,0
300,-300,-1654.79,0
300,-300,-1825.73,0
300,-300,-1983.28,0
300,-300,-2122,0
300,-300,-2246.03,0
300,-300,-2353.25,0
300,-300,-2449.38,0
300,-300,-2531.15,0
300,-300,-2604.18,0
300,-300,-2664.36,0
300,-300,-2714.08,0
300,-300,-2747.6,0
300,-300,-2765.88,0
300,-300,-2763.05,0
300,-300,-2741.81,0
300,-300,-2699.07,0
300,-300,-2641.89,0
300,-300,-2569.18,0
300,-300,-2492.82,0
300,-300,-2415.49,0
300,-300,-2348.18,0
300,-300,-2293.68,0
300,-300,-2259.57,0
300,-300,-2243.49,0
300,-300,-2247.84,0
300,-300,-2256.56,0
300,-300,-2272.04,0
300,-300,-2276.61,0
300,-300,-2267.01,0
300,-300,-2229.89,0
300,-300,-2164,0
300,-300,-2063.28,0
300,-300,-1934.67,0
300,-300,-1780.19,0
300,-300,-1614.06,0
300,-300,-1443.47,0
300,-300,-1284.57,0
300,-300,-1142.52,0
300,-300,-1030.1,0
300,-300,-946.99,0
300,-300,-897.37,0
300,-300,-872.62,0
300,-300,-869.55,0
300,-300,-874.75,0
300,-300,-882.97,0
300,-300,-880.03,0
300,-300,-862.63,0
300,-300,-825.45,0
300,-300,-767.7,0
300,-300,-688.5,0
300,-300,-596.81,0
300,-300,-494.8,0
300,-300,-392.91,0
300,-300,-293.29,0
300,-300,-205.74,0
300,-300,-128.4,0
300,-300,-67.43,0
300,-300,-20.8,0
300,-300,9.75,0
300,-300,27.99,0
300,-300,30.19,0
300,-300,19.89,0
300,-300,-8.46,0
300,-300,-53.2,0
300,-300,-121.02,0
300,-300,-209.67,0
300,-300,-324.52,0
300,-300,-461.2,0
300,-300,-621.76,0
300,-300,-798.48,0
300,-300,-989.51,0
300,-300,-1184.74,0
300,-300,-1381.22,0
300,-300,-1568.49,0
300,-300,-1745.63,0
300,-300,-1905.94,0
300,-300,-2049.67,0
300,-300,-2175.38,0
300,-300,-2288.11,0
300,-300,-2386.09,0
300,-300,-2475.63,0
300,-300,-2554.09,0
300,-300,-2626.02,0
300,-300,-2686.21,0
300,-300,-2736.56,0
300,-300,-2770.8,0
300,-300,-2788.44,0
300,-300,-2785.29,0
300,-300,-2763.79,0
300,-300,-2721.83,0
300,-300,-2666.63,0
300,-300,-2600.5,0
300,-300,-2534.23,0
300,-300,-2472.51,0
300,-300,-2425.08,0
300,-300,-2392.66,0
300,-300,-2380.08,0
300,-300,-2382.51,0
300,-300,-2398.63,0
300,-300,-2416.95,0
300,-300,-2432.02,0
300,-300,-2430.04,0
300,-300,-2406.9,0
300,-300,-2351.62,0
300,-300,-2267.14,0
300,-300,-2151.38,0
300,-300,-2013.12,0
300,-300,-1857.17,0
300,-300,-1698.19,0
300,-300,-1542.97,0
300,-300,-1404.76,0
300,-300,-1287.02,0
300,-300,-1196.92,0
300,-300,-1130.25,0
300,-300,-1087.29,0
300,-300,-1055.88,0
300,-300,-1037.87,0
300,-300,-1014.9,0
300,-300,-983.95,0
300,-300,-935.75,0
300,-300,-871.54,0
300,-300,-787.48,0
300,-300,-690.22,0
300,-300,-580.73,0
300,-300,-468.48,0
300,-300,-355.31,0
300,-300,-250.74,0
300,-300,-155.05,0
300,-300,-75.05,0
300,-300,-7.84,0
300,-300,42.58,0
300,-300,80.03,0
300,-300,100.81,0
300,-300,107.07,0
300,-300,94.21,0
300,-300,64.57,0
300,-300,9.69,0
300,-300,-68.42,0
300,-300,-175.76,0
300,-300,-309.22,0
300,-300,-471.58,0
300,-300,-655.76,0
300,-300,-860.49,0
300,-300,-1075.59,0
300,-300,-1298.1,0
300,-300,-1515.48,0
300,-300,-1726.2,0
300,-300,-1920.67,0
300,-300,-2099.18,0
300,-300,-2256.52,0
300,-300,-2396.37,0
300,-300,-2516.32,0
300,-300,-2623.02,0
300,-300,-2713.92,0
300,-300,-2793.79,0
300,-300,-2858.5,0
300,-300,-2911.63,0
300,-300,-2947.08,0
300,-300,-2966.4,0
300,-300,-2963.76,0
300,-300,-2941.85,0
300,-300,-2898,0
300,-300,-2839.39,0
300,-300,-2766.52,0
300,-300,-2690.27,0
300,-300,-2614.07,0
300,-300,-2548.97,0
300,-300,-2497.9,0
300,-300,-2468.21,0
300,-300,-2456.9,0
300,-300,-2464.79,0
300,-300,-2482.2,0
300,-300,-2498.22,0
300,-300,-2503.8,0
300,-300,-2491.12,0
300,-300,-2447.72,0
300,-300,-2371.73,0
300,-300,-2258.22,0
300,-300,-2113.76,0
300,-300,-1942.56,0
300,-300,-1758.13,0
300,-300,-1569.6,0
300,-300,-1393.72,0
300,-300,-1237.38,0
300,-300,-1111.98,0
300,-300,-1018.5,0
300,-300,-960.27,0
300,-300,-929.11,0
300,-300,-919.43,0
300,-300,-917.95,0
300,-300,-916.95,0
300,-300,-903,0
300,-300,-873.15,0
300,-300,-818.65,0
300,-300,-743.65,0
300,-300,-646.36,0
300,-300,-535.57,0
300,-300,-415.12,0
300,-300,-295.96,0
300,-300,-180.96,0
300,-300,-78.87,0
300,-300,10.83,0
300,-300,83.32,0
300,-300,141.53,0
300,-300,183.32,0
300,-300,212.78,0
300,-300,226.57,0
300,-300,227.37,0
300,-300,209,0
300,-300,171.44,0
300,-300,107.81,0
300,-300,16.4,0
300,-300,-107.18,0
300,-300,-260.56,0
300,-300,-444.75,0
300,-300,-652.14,0
300,-300,-879.54,0
300,-300,-1115.07,0
300,-300,-1353.34,0
300,-300,-1582.76,0
300,-300,-1799.28,0
300,-300,-1996.19,0
300,-300,-2173.08,0
300,-300,-2327.47,0
300,-300,-2463.24,0
300,-300,-2580.95,0
300,-300,-2686.99,0
300,-300,-2779.68,0
300,-300,-2863.14,0
300,-300,-2933.5,0
300,-300,-2991.12,0
300,-300,-3031.07,0
300,-300,-3051.72,0
300,-300,-3047.85,0
300,-300,-3021.91,0
300,-300,-2971.95,0
300,-300,-2905.53,0
300,-300,-2825.8,0
300,-300,-2744.29,0
300,-300,-2666.48,0
300,-300,-2603.65,0
300,-300,-2561.1,0
300,-300,-2544.58,0
300,-300,-2550.91,0
300,-300,-2579.79,0
300,-300,-2620.56,0
300,-300,-2665.89,0
300,-300,-2700.71,0
300,-300,-2716.57,0
300,-300,-2700.25,0
300,-300,-2647.39,0
300,-300,-2548.91,0
300,-300,-2413.41,0
300,-300,-2241.67,0
300,-300,-2047.3,0
300,-300,-1839.4,0
300,-300,-1634.43,0
300,-300,-1442.66,0
300,-300,-1277.94,0
300,-300,-1144.82,0
300,-300,-1050.32,0
300,-300,-989.42,0
300,-300,-960.31,0
300,-300,-956.69,0
300,-300,-966.4,0
300,-300,-976.25,0
300,-300,-979.5,0
300,-300,-965.69,0
300,-300,-932.91,0
300,-300,-875.68,0
300,-300,-797.5,0
300,-300,-698.88,0
300,-300,-588.2,0
300,-300,-467.84,0
300,-300,-348.29,0
300,-300,-231.99,0
300,-300,-126.42,0
300,-300,-32.27,0
300,-300,45.45,0
300,-300,108.42,0
300,-300,151.31,0
300,-300,178.26,0
300,-300,184.29,0
300,-300,170.95,0
300,-300,133.09,0
300,-300,70.74,0
300,-300,-20.88,0
300,-300,-140.22,0
300,-300,-290.05,0
300,-300,-465.87,0
300,-300,-667.72,0
300,-300,-886.12,0
300,-300,-1117.92,0
300,-300,-1352.35,0
300,-300,-1583.99,0
300,-300,-1803.72,0
300,-300,-2008.76,0
300,-300,-2192.66,0
300,-300,-2356.71,0
300,-300,-2498.23,0
300,-300,-2622.96,0
300,-300,-2729.33,0
300,-300,-2821.48,0
300,-300,-2899.29,0
300,-300,-2965.06,0
300,-300,-3015.01,0
300,-300,-3049.59,0
300,-300,-3063.36,0
300,-300,-3056.62,0
300,-300,-3026,0
300,-300,-2974.74,0
300,-300,-2903.99,0
300,-300,-2820.32,0
300,-300,-2729.55,0
300,-300,-2642.28,0
300,-300,-2564.18,0
300,-300,-2504.91,0
300,-300,-2466.13,0
300,-300,-2451.05,0
300,-300,-2453.97,0
300,-300,-2462.38,0
300,-300,-2472.84,0
300,-300,-2472.04,0
300,-300,-2449.08,0
300,-300,-2397.54,0
300,-300,-2310.43,0
300,-300,-2189.79,0
300,-300,-2037.81,0
300,-300,-1865.99,0
300,-300,-1684.34,0
300,-300,-1507.77,0
300,-300,-1347.05,0
300,-300,-1213.08,0
300,-300,-1110.89,0
300,-300,-1043.79,0
300,-300,-1006.17,0
300,-300,-992.86,0
300,-300,-990.85,0
300,-300,-990.57,0
300,-300,-978.63,0
300,-300,-947.57,0
300,-300,-889.16,0
300,-300,-807.11,0
300,-300,-697.43,0
300,-300,-569.07,0
300,-300,-428.23,0
300,-300,-285.79,0
300,-300,-148.43,0
300,-300,-24.82,0
300,-300,81.43,0
300,-300,166.45,0
300,-300,232.1,0
300,-300,275.25,0
300,-300,301.74,0
300,-300,309.2,0
300,-300,300.7,0
300,-300,273.05,0
300,-300,226.05,0
300,-300,155.23,0
300,-300,58.82,0
300,-300,-65.9,0
300,-300,-217.88,0
300,-300,-397.21,0
300,-300,-597.8,0
300,-300,-815.69,0
300,-300,-1041.37,0
300,-300,-1268.65,0
300,-300,-1487.81,0
300,-300,-1694.63,0
300,-300,-1882.32,0
300,-300,-2051.76,0
300,-300,-2198.77,0
300,-300,-2329.77,0
300,-300,-2444.94,0
300,-300,-2549.06,0
300,-300,-2642.24,0
300,-300,-2727.13,0
300,-300,-2800.57,0
300,-300,-2861.88,0
300,-300,-2905.86,0
300,-300,-2931.36,0
300,-300,-2932.22,0
300,-300,-2910.53,0
300,-300,-2865.14,0
300,-300,-2801.91,0
300,-300,-2725.2,0
300,-300,-2643.5,0
300,-300,-2562.07,0
300,-300,-2481.68,0
300,-300,-2411.7,0
300,-300,-2353.58,0
300,-300,-2303.27,0
300,-300,-2260.65,0
300,-300,-2219.37,0
300,-300,-2175.26,0
300,-300,-2122.3,0
300,-300,-2058.66,0
300,-300,-1981.39,0
300,-300,-1893.73,0
300,-300,-1796,0
300,-300,-1694.21,0
300,-300,-1590.3,0
300,-300,-1489.85,0
300,-300,-1393.28,0
300,-300,-1302.51,0
300,-300,-1214.35,0
300,-300,-1127.39,0
300,-300,-1036.11,0
300,-300,-939.26,0
300,-300,-831.93,0
300,-300,-713.25,0
300,-300,-590.48,0
300,-300,-459.85,0
300,-300,-326.41,0
300,-300,-197.81,0
300,-300,-78.84,0
300,-300,23.63,0
300,-300,107.86,0
300,-300,169.73,0
300,-300,211.98,0
300,-300,235.01,0
300,-300,241.89,0
300,-300,233.09,0
300,-300,211.22,0
300,-300,174.81,0
300,-300,123.06,0
300,-300,52.13,0
300,-300,-40.09,0
300,-300,-158.57,0
300,-300,-303.62,0
300,-300,-476.07,0
300,-300,-672.84,0
300,-300,-890.37,0
300,-300,-1120.27,0
300,-300,-1356.1,0
300,-300,-1588.33,0
300,-300,-1810.49,0
300,-300,-2016.29,0
300,-300,-2202.33,0
300,-300,-2367.3,0
300,-300,-2511.41,0
300,-300,-2636.27,0
300,-300,-2745.47,0
300,-300,-2839.22,0
300,-300,-2919.65,0
300,-300,-2984.94,0
300,-300,-3034.56,0
300,-300,-3065.2,0
300,-300,-3074.39,0
300,-300,-3059.45,0
300,-300,-3019.39,0
300,-300,-2956.49,0
300,-300,-2875.2,0
300,-300,-2781.25,0
300,-300,-2683.85,0
300,-300,-2590.87,0
300,-300,-2511.04,0
300,-300,-2443,0
300,-300,-2394.2,0
300,-300,-2361.17,0
300,-300,-2339.63,0
300,-300,-2321.74,0
300,-300,-2299.86,0
300,-300,-2264.8,0
300,-300,-2210.69,0
300,-300,-2133.28,0
300,-300,-2032.59,0
300,-300,-1912.75,0
300,-300,-1779.52,0
300,-300,-1641.49,0
300,-300,-1507.86,0
300,-300,-1385.79,0
300,-300,-1282.25,0
300,-300,-1198.91,0
300,-300,-1135.16,0
300,-300,-1086.04,0
300,-300,-1044.9,0
300,-300,-1005.12,0
300,-300,-956.16,0
300,-300,-899.11,0
300,-300,-823.67,0
300,-300,-729.55,0
